month,revenue_twd_mn,yoy_pct_reported,source,source_url,fetched_at_bjt,rolling_3m_yoy_pct
1999-01,3845.0,-29.4,TSMC Investor Relations,https://investor.tsmc.com/english/monthly-revenue/1999,2026-09-11T22:33:39+08:00,
1999-02,3717.0,-29.7,TSMC Investor Relations,https://investor.tsmc.com/english/monthly-revenue/1999,2026-09-11T22:33:39+08:00,
1999-03,4939.0,-1.3,TSMC Investor Relations,https://investor.tsmc.com/english/monthly-revenue/1999,2026-09-11T22:33:39+08:00,
1999-04,5238.0,15.8,TSMC Investor Relations,https://investor.tsmc.com/english/monthly-revenue/1999,2026-09-11T22:33:39+08:00,
1999-05,5619.0,38.5,TSMC Investor Relations,https://investor.tsmc.com/english/monthly-revenue/1999,2026-09-11T22:33:39+08:00,
1999-06,6375.0,10.0,TSMC Investor Relations,https://investor.tsmc.com/english/monthly-revenue/1999,2026-09-11T22:33:39+08:00,
1999-07,6586.0,10.0,TSMC Investor Relations,https://investor.tsmc.com/english/monthly-revenue/1999,2026-09-11T22:33:39+08:00,
1999-08,7012.0,84.5,TSMC Investor Relations,https://investor.tsmc.com/english/monthly-revenue/1999,2026-09-11T22:33:39+08:00,
1999-09,6109.0,37.8,TSMC Investor Relations,https://investor.tsmc.com/english/monthly-revenue/1999,2026-09-11T22:33:39+08:00,
1999-10,7212.0,71.1,TSMC Investor Relations,https://investor.tsmc.com/english/monthly-revenue/1999,2026-09-11T22:33:39+08:00,
1999-11,7859.0,98.5,TSMC Investor Relations,https://investor.tsmc.com/english/monthly-revenue/1999,2026-09-11T22:33:39+08:00,
1999-12,8621.0,14.2,TSMC Investor Relations,https://investor.tsmc.com/english/monthly-revenue/1999,2026-09-11T22:33:39+08:00,
2000-01,9327.0,142.6,TSMC Investor Relations,https://investor.tsmc.com/english/monthly-revenue/2000,2026-09-11T22:33:41+08:00,
2000-02,9019.0,142.6,TSMC Investor Relations,https://investor.tsmc.com/english/monthly-revenue/2000,2026-09-11T22:33:41+08:00,
2000-03,9933.0,101.1,TSMC Investor Relations,https://investor.tsmc.com/english/monthly-revenue/2000,2026-09-11T22:33:41+08:00,126.21
2000-04,8863.0,69.2,TSMC Investor Relations,https://investor.tsmc.com/english/monthly-revenue/2000,2026-09-11T22:33:41+08:00,100.19
2000-05,10934.0,94.6,TSMC Investor Relations,https://investor.tsmc.com/english/monthly-revenue/2000,2026-09-11T22:33:41+08:00,88.21
2000-06,12015.0,88.5,TSMC Investor Relations,https://investor.tsmc.com/english/monthly-revenue/2000,2026-09-11T22:33:41+08:00,84.61
2000-07,15019.0,128.0,TSMC Investor Relations,https://investor.tsmc.com/english/monthly-revenue/2000,2026-09-11T22:33:41+08:00,104.35
2000-08,16077.0,129.3,TSMC Investor Relations,https://investor.tsmc.com/english/monthly-revenue/2000,2026-09-11T22:33:41+08:00,115.85
2000-09,16396.0,168.4,TSMC Investor Relations,https://investor.tsmc.com/english/monthly-revenue/2000,2026-09-11T22:33:41+08:00,140.99
2000-10,17462.0,142.1,TSMC Investor Relations,https://investor.tsmc.com/english/monthly-revenue/2000,2026-09-11T22:33:41+08:00,145.59
2000-11,18173.0,131.2,TSMC Investor Relations,https://investor.tsmc.com/english/monthly-revenue/2000,2026-09-11T22:33:41+08:00,145.66
2000-12,18188.0,111.0,TSMC Investor Relations,https://investor.tsmc.com/english/monthly-revenue/2000,2026-09-11T22:33:41+08:00,127.18
2001-01,16157.0,73.2,TSMC Investor Relations,https://investor.tsmc.com/english/monthly-revenue/2001,2026-09-11T22:33:44+08:00,103.5
2001-02,11614.0,28.8,TSMC Investor Relations,https://investor.tsmc.com/english/monthly-revenue/2001,2026-09-11T22:33:44+08:00,70.43
2001-03,11750.0,18.3,TSMC Investor Relations,https://investor.tsmc.com/english/monthly-revenue/2001,2026-09-11T22:33:44+08:00,39.75
2001-04,9232.0,4.2,TSMC Investor Relations,https://investor.tsmc.com/english/monthly-revenue/2001,2026-09-11T22:33:44+08:00,17.19
2001-05,8551.0,-21.8,TSMC Investor Relations,https://investor.tsmc.com/english/monthly-revenue/2001,2026-09-11T22:33:44+08:00,-0.66
2001-06,8515.0,-29.1,TSMC Investor Relations,https://investor.tsmc.com/english/monthly-revenue/2001,2026-09-11T22:33:44+08:00,-17.33
2001-07,8604.0,-42.7,TSMC Investor Relations,https://investor.tsmc.com/english/monthly-revenue/2001,2026-09-11T22:33:44+08:00,-32.39
2001-08,9028.0,-43.8,TSMC Investor Relations,https://investor.tsmc.com/english/monthly-revenue/2001,2026-09-11T22:33:44+08:00,-39.35
2001-09,9308.0,-43.2,TSMC Investor Relations,https://investor.tsmc.com/english/monthly-revenue/2001,2026-09-11T22:33:44+08:00,-43.27
2001-10,10338.0,-40.8,TSMC Investor Relations,https://investor.tsmc.com/english/monthly-revenue/2001,2026-09-11T22:33:44+08:00,-42.58
2001-11,11059.0,-39.1,TSMC Investor Relations,https://investor.tsmc.com/english/monthly-revenue/2001,2026-09-11T22:33:44+08:00,-40.99
2001-12,11733.0,-35.5,TSMC Investor Relations,https://investor.tsmc.com/english/monthly-revenue/2001,2026-09-11T22:33:44+08:00,-38.45
2002-01,12045.0,-25.5,TSMC Investor Relations,https://investor.tsmc.com/english/monthly-revenue/2002,2026-09-11T22:33:47+08:00,-33.67
2002-02,11468.0,-1.3,TSMC Investor Relations,https://investor.tsmc.com/english/monthly-revenue/2002,2026-09-11T22:33:47+08:00,-23.31
2002-03,12277.0,4.5,TSMC Investor Relations,https://investor.tsmc.com/english/monthly-revenue/2002,2026-09-11T22:33:47+08:00,-9.44
2002-04,13366.0,44.8,TSMC Investor Relations,https://investor.tsmc.com/english/monthly-revenue/2002,2026-09-11T22:33:47+08:00,13.85
2002-05,15201.0,77.8,TSMC Investor Relations,https://investor.tsmc.com/english/monthly-revenue/2002,2026-09-11T22:33:47+08:00,38.3
2002-06,15615.0,83.4,TSMC Investor Relations,https://investor.tsmc.com/english/monthly-revenue/2002,2026-09-11T22:33:47+08:00,68.01
2002-07,13536.0,57.3,TSMC Investor Relations,https://investor.tsmc.com/english/monthly-revenue/2002,2026-09-11T22:33:47+08:00,72.78
2002-08,13544.0,50.0,TSMC Investor Relations,https://investor.tsmc.com/english/monthly-revenue/2002,2026-09-11T22:33:47+08:00,63.29
2002-09,12755.0,37.0,TSMC Investor Relations,https://investor.tsmc.com/english/monthly-revenue/2002,2026-09-11T22:33:47+08:00,47.87
2002-10,15231.0,47.3,TSMC Investor Relations,https://investor.tsmc.com/english/monthly-revenue/2002,2026-09-11T22:33:47+08:00,44.84
2002-11,14582.0,31.9,TSMC Investor Relations,https://investor.tsmc.com/english/monthly-revenue/2002,2026-09-11T22:33:47+08:00,38.64
2002-12,11278.0,-3.9,TSMC Investor Relations,https://investor.tsmc.com/english/monthly-revenue/2002,2026-09-11T22:33:47+08:00,24.03
2003-01,13129.0,9.0,TSMC Investor Relations,https://investor.tsmc.com/english/monthly-revenue/2003,2026-09-11T22:33:49+08:00,11.92
2003-02,12345.0,7.6,TSMC Investor Relations,https://investor.tsmc.com/english/monthly-revenue/2003,2026-09-11T22:33:49+08:00,4.27
2003-03,13851.0,12.8,TSMC Investor Relations,https://investor.tsmc.com/english/monthly-revenue/2003,2026-09-11T22:33:49+08:00,9.88
2003-04,15264.0,14.2,TSMC Investor Relations,https://investor.tsmc.com/english/monthly-revenue/2003,2026-09-11T22:33:49+08:00,11.72
2003-05,16812.0,10.6,TSMC Investor Relations,https://investor.tsmc.com/english/monthly-revenue/2003,2026-09-11T22:33:49+08:00,12.44
2003-06,17846.0,14.3,TSMC Investor Relations,https://investor.tsmc.com/english/monthly-revenue/2003,2026-09-11T22:33:49+08:00,12.99
2003-07,17649.0,30.4,TSMC Investor Relations,https://investor.tsmc.com/english/monthly-revenue/2003,2026-09-11T22:33:49+08:00,17.94
2003-08,18317.0,35.2,TSMC Investor Relations,https://investor.tsmc.com/english/monthly-revenue/2003,2026-09-11T22:33:49+08:00,26.04
2003-09,18911.0,48.3,TSMC Investor Relations,https://investor.tsmc.com/english/monthly-revenue/2003,2026-09-11T22:33:49+08:00,37.76
2003-10,20304.0,33.3,TSMC Investor Relations,https://investor.tsmc.com/english/monthly-revenue/2003,2026-09-11T22:33:49+08:00,38.53
2003-11,18510.0,26.9,TSMC Investor Relations,https://investor.tsmc.com/english/monthly-revenue/2003,2026-09-11T22:33:49+08:00,35.61
2003-12,18965.0,67.2,TSMC Investor Relations,https://investor.tsmc.com/english/monthly-revenue/2003,2026-09-11T22:33:49+08:00,40.61
2004-01,19156.0,45.9,TSMC Investor Relations,https://investor.tsmc.com/english/monthly-revenue/2004,2026-09-11T22:33:51+08:00,45.25
2004-02,18385.0,48.9,TSMC Investor Relations,https://investor.tsmc.com/english/monthly-revenue/2004,2026-09-11T22:33:51+08:00,53.75
2004-03,19972.0,44.2,TSMC Investor Relations,https://investor.tsmc.com/english/monthly-revenue/2004,2026-09-11T22:33:51+08:00,46.25
2004-04,20631.0,35.2,TSMC Investor Relations,https://investor.tsmc.com/english/monthly-revenue/2004,2026-09-11T22:33:51+08:00,42.28
2004-05,21720.0,29.2,TSMC Investor Relations,https://investor.tsmc.com/english/monthly-revenue/2004,2026-09-11T22:33:51+08:00,35.7
2004-06,22519.0,26.2,TSMC Investor Relations,https://investor.tsmc.com/english/monthly-revenue/2004,2026-09-11T22:33:51+08:00,29.94
2004-07,23148.0,31.2,TSMC Investor Relations,https://investor.tsmc.com/english/monthly-revenue/2004,2026-09-11T22:33:51+08:00,28.83
2004-08,23414.0,27.8,TSMC Investor Relations,https://investor.tsmc.com/english/monthly-revenue/2004,2026-09-11T22:33:51+08:00,28.37
2004-09,23174.0,22.5,TSMC Investor Relations,https://investor.tsmc.com/english/monthly-revenue/2004,2026-09-11T22:33:51+08:00,27.08
2004-10,22970.0,13.1,TSMC Investor Relations,https://investor.tsmc.com/english/monthly-revenue/2004,2026-09-11T22:33:51+08:00,20.9
2004-11,20986.0,13.4,TSMC Investor Relations,https://investor.tsmc.com/english/monthly-revenue/2004,2026-09-11T22:33:51+08:00,16.29
2004-12,19919.0,5.0,TSMC Investor Relations,https://investor.tsmc.com/english/monthly-revenue/2004,2026-09-11T22:33:51+08:00,10.55
2005-01,20843.0,8.8,TSMC Investor Relations,https://investor.tsmc.com/english/monthly-revenue/2005,2026-09-11T22:33:53+08:00,9.04
2005-02,17200.0,-6.4,TSMC Investor Relations,https://investor.tsmc.com/english/monthly-revenue/2005,2026-09-11T22:33:53+08:00,2.58
2005-03,17610.0,-11.8,TSMC Investor Relations,https://investor.tsmc.com/english/monthly-revenue/2005,2026-09-11T22:33:53+08:00,-3.23
2005-04,18903.0,-8.4,TSMC Investor Relations,https://investor.tsmc.com/english/monthly-revenue/2005,2026-09-11T22:33:53+08:00,-8.94
2005-05,19508.0,-10.2,TSMC Investor Relations,https://investor.tsmc.com/english/monthly-revenue/2005,2026-09-11T22:33:53+08:00,-10.11
2005-06,20105.0,-10.7,TSMC Investor Relations,https://investor.tsmc.com/english/monthly-revenue/2005,2026-09-11T22:33:53+08:00,-9.79
2005-07,20847.0,-9.9,TSMC Investor Relations,https://investor.tsmc.com/english/monthly-revenue/2005,2026-09-11T22:33:53+08:00,-10.28
2005-08,23182.0,-1.0,TSMC Investor Relations,https://investor.tsmc.com/english/monthly-revenue/2005,2026-09-11T22:33:53+08:00,-7.16
2005-09,25229.0,8.9,TSMC Investor Relations,https://investor.tsmc.com/english/monthly-revenue/2005,2026-09-11T22:33:53+08:00,-0.69
2005-10,26227.0,14.2,TSMC Investor Relations,https://investor.tsmc.com/english/monthly-revenue/2005,2026-09-11T22:33:53+08:00,7.3
2005-11,27518.0,31.1,TSMC Investor Relations,https://investor.tsmc.com/english/monthly-revenue/2005,2026-09-11T22:33:53+08:00,17.64
2005-12,27416.0,37.6,TSMC Investor Relations,https://investor.tsmc.com/english/monthly-revenue/2005,2026-09-11T22:33:53+08:00,27.06
2006-01,26178.0,25.6,TSMC Investor Relations,https://investor.tsmc.com/english/monthly-revenue/2006,2026-09-11T22:33:55+08:00,31.36
2006-02,24009.0,39.6,TSMC Investor Relations,https://investor.tsmc.com/english/monthly-revenue/2006,2026-09-11T22:33:55+08:00,33.89
2006-03,27107.0,53.9,TSMC Investor Relations,https://investor.tsmc.com/english/monthly-revenue/2006,2026-09-11T22:33:55+08:00,38.89
2006-04,27162.0,43.7,TSMC Investor Relations,https://investor.tsmc.com/english/monthly-revenue/2006,2026-09-11T22:33:55+08:00,45.73
2006-05,26770.0,37.2,TSMC Investor Relations,https://investor.tsmc.com/english/monthly-revenue/2006,2026-09-11T22:33:55+08:00,44.66
2006-06,27295.0,35.8,TSMC Investor Relations,https://investor.tsmc.com/english/monthly-revenue/2006,2026-09-11T22:33:55+08:00,38.81
2006-07,27567.0,32.2,TSMC Investor Relations,https://investor.tsmc.com/english/monthly-revenue/2006,2026-09-11T22:33:55+08:00,35.02
2006-08,27000.0,16.5,TSMC Investor Relations,https://investor.tsmc.com/english/monthly-revenue/2006,2026-09-11T22:33:55+08:00,27.64
2006-09,26859.0,6.5,TSMC Investor Relations,https://investor.tsmc.com/english/monthly-revenue/2006,2026-09-11T22:33:55+08:00,17.57
2006-10,26850.0,2.4,TSMC Investor Relations,https://investor.tsmc.com/english/monthly-revenue/2006,2026-09-11T22:33:55+08:00,8.13
2006-11,24709.0,-10.2,TSMC Investor Relations,https://investor.tsmc.com/english/monthly-revenue/2006,2026-09-11T22:33:55+08:00,-0.7
2006-12,22376.0,-18.4,TSMC Investor Relations,https://investor.tsmc.com/english/monthly-revenue/2006,2026-09-11T22:33:55+08:00,-8.9
2007-01,20851.0,-20.3,TSMC Investor Relations,https://investor.tsmc.com/english/monthly-revenue/2007,2026-09-11T22:33:58+08:00,-16.24
2007-02,20577.0,-14.3,TSMC Investor Relations,https://investor.tsmc.com/english/monthly-revenue/2007,2026-09-11T22:33:58+08:00,-17.78
2007-03,21918.0,-19.1,TSMC Investor Relations,https://investor.tsmc.com/english/monthly-revenue/2007,2026-09-11T22:33:58+08:00,-18.05
2007-04,22513.0,-17.1,TSMC Investor Relations,https://investor.tsmc.com/english/monthly-revenue/2007,2026-09-11T22:33:58+08:00,-16.95
2007-05,25093.0,-6.3,TSMC Investor Relations,https://investor.tsmc.com/english/monthly-revenue/2007,2026-09-11T22:33:58+08:00,-14.21
2007-06,25246.0,-7.5,TSMC Investor Relations,https://investor.tsmc.com/english/monthly-revenue/2007,2026-09-11T22:33:58+08:00,-10.31
2007-07,28766.0,4.3,TSMC Investor Relations,https://investor.tsmc.com/english/monthly-revenue/2007,2026-09-11T22:33:58+08:00,-3.1
2007-08,29199.0,8.1,TSMC Investor Relations,https://investor.tsmc.com/english/monthly-revenue/2007,2026-09-11T22:33:58+08:00,1.65
2007-09,28496.0,6.1,TSMC Investor Relations,https://investor.tsmc.com/english/monthly-revenue/2007,2026-09-11T22:33:58+08:00,6.18
2007-10,31725.0,18.2,TSMC Investor Relations,https://investor.tsmc.com/english/monthly-revenue/2007,2026-09-11T22:33:58+08:00,10.79
2007-11,30143.0,22.0,TSMC Investor Relations,https://investor.tsmc.com/english/monthly-revenue/2007,2026-09-11T22:33:58+08:00,15.23
2007-12,29120.0,30.1,TSMC Investor Relations,https://investor.tsmc.com/english/monthly-revenue/2007,2026-09-11T22:33:58+08:00,23.06
2008-01,30286.0,45.2,TSMC Investor Relations,https://investor.tsmc.com/english/monthly-revenue/2008,2026-09-11T22:34:01+08:00,31.81
2008-02,28382.0,37.9,TSMC Investor Relations,https://investor.tsmc.com/english/monthly-revenue/2008,2026-09-11T22:34:01+08:00,37.59
2008-03,26562.0,21.2,TSMC Investor Relations,https://investor.tsmc.com/english/monthly-revenue/2008,2026-09-11T22:34:01+08:00,34.55
2008-04,28094.0,24.8,TSMC Investor Relations,https://investor.tsmc.com/english/monthly-revenue/2008,2026-09-11T22:34:01+08:00,27.74
2008-05,28990.0,15.5,TSMC Investor Relations,https://investor.tsmc.com/english/monthly-revenue/2008,2026-09-11T22:34:01+08:00,20.31
2008-06,28510.0,12.9,TSMC Investor Relations,https://investor.tsmc.com/english/monthly-revenue/2008,2026-09-11T22:34:01+08:00,17.49
2008-07,30869.0,7.3,TSMC Investor Relations,https://investor.tsmc.com/english/monthly-revenue/2008,2026-09-11T22:34:01+08:00,11.71
2008-08,30995.0,6.2,TSMC Investor Relations,https://investor.tsmc.com/english/monthly-revenue/2008,2026-09-11T22:34:01+08:00,8.61
2008-09,28252.0,-0.9,TSMC Investor Relations,https://investor.tsmc.com/english/monthly-revenue/2008,2026-09-11T22:34:01+08:00,4.23
2008-10,28371.0,-10.6,TSMC Investor Relations,https://investor.tsmc.com/english/monthly-revenue/2008,2026-09-11T22:34:01+08:00,-2.02
2008-11,19295.0,-36.0,TSMC Investor Relations,https://investor.tsmc.com/english/monthly-revenue/2008,2026-09-11T22:34:01+08:00,-15.99
2008-12,13161.0,-54.8,TSMC Investor Relations,https://investor.tsmc.com/english/monthly-revenue/2008,2026-09-11T22:34:01+08:00,-33.15
2009-01,12436.0,-58.9,TSMC Investor Relations,https://investor.tsmc.com/english/monthly-revenue/2009,2026-09-11T22:34:03+08:00,-49.87
2009-02,11504.0,-59.5,TSMC Investor Relations,https://investor.tsmc.com/english/monthly-revenue/2009,2026-09-11T22:34:03+08:00,-57.74
2009-03,13619.0,-48.7,TSMC Investor Relations,https://investor.tsmc.com/english/monthly-revenue/2009,2026-09-11T22:34:03+08:00,-55.93
2009-04,21745.0,-22.6,TSMC Investor Relations,https://investor.tsmc.com/english/monthly-revenue/2009,2026-09-11T22:34:03+08:00,-43.56
2009-05,24474.0,-15.6,TSMC Investor Relations,https://investor.tsmc.com/english/monthly-revenue/2009,2026-09-11T22:34:03+08:00,-28.46
2009-06,25778.0,-9.6,TSMC Investor Relations,https://investor.tsmc.com/english/monthly-revenue/2009,2026-09-11T22:34:03+08:00,-15.89
2009-07,30279.0,-1.9,TSMC Investor Relations,https://investor.tsmc.com/english/monthly-revenue/2009,2026-09-11T22:34:03+08:00,-8.87
2009-08,28888.0,-6.8,TSMC Investor Relations,https://investor.tsmc.com/english/monthly-revenue/2009,2026-09-11T22:34:03+08:00,-6.01
2009-09,28024.0,-0.8,TSMC Investor Relations,https://investor.tsmc.com/english/monthly-revenue/2009,2026-09-11T22:34:03+08:00,-3.25
2009-10,29181.0,2.9,TSMC Investor Relations,https://investor.tsmc.com/english/monthly-revenue/2009,2026-09-11T22:34:03+08:00,-1.74
2009-11,29349.0,52.1,TSMC Investor Relations,https://investor.tsmc.com/english/monthly-revenue/2009,2026-09-11T22:34:03+08:00,14.01
2009-12,30466.0,131.5,TSMC Investor Relations,https://investor.tsmc.com/english/monthly-revenue/2009,2026-09-11T22:34:03+08:00,46.31
2010-01,29156.0,134.4,TSMC Investor Relations,https://investor.tsmc.com/english/monthly-revenue/2010,2026-09-11T22:34:05+08:00,98.19
2010-02,29195.0,153.8,TSMC Investor Relations,https://investor.tsmc.com/english/monthly-revenue/2010,2026-09-11T22:34:05+08:00,139.39
2010-03,30823.0,126.3,TSMC Investor Relations,https://investor.tsmc.com/english/monthly-revenue/2010,2026-09-11T22:34:05+08:00,137.42
2010-04,32683.0,50.3,TSMC Investor Relations,https://investor.tsmc.com/english/monthly-revenue/2010,2026-09-11T22:34:05+08:00,97.79
2010-05,33839.0,38.3,TSMC Investor Relations,https://investor.tsmc.com/english/monthly-revenue/2010,2026-09-11T22:34:05+08:00,62.68
2010-06,35113.0,36.2,TSMC Investor Relations,https://investor.tsmc.com/english/monthly-revenue/2010,2026-09-11T22:34:05+08:00,41.17
2010-07,36156.0,19.4,TSMC Investor Relations,https://investor.tsmc.com/english/monthly-revenue/2010,2026-09-11T22:34:05+08:00,30.52
2010-08,36498.0,26.3,TSMC Investor Relations,https://investor.tsmc.com/english/monthly-revenue/2010,2026-09-11T22:34:05+08:00,26.87
2010-09,36653.0,30.8,TSMC Investor Relations,https://investor.tsmc.com/english/monthly-revenue/2010,2026-09-11T22:34:05+08:00,25.37
2010-10,37373.0,28.1,TSMC Investor Relations,https://investor.tsmc.com/english/monthly-revenue/2010,2026-09-11T22:34:05+08:00,28.38
2010-11,35722.0,21.7,TSMC Investor Relations,https://investor.tsmc.com/english/monthly-revenue/2010,2026-09-11T22:34:05+08:00,26.8
2010-12,33751.0,10.8,TSMC Investor Relations,https://investor.tsmc.com/english/monthly-revenue/2010,2026-09-11T22:34:05+08:00,20.06
2011-01,34424.0,18.1,TSMC Investor Relations,https://investor.tsmc.com/english/monthly-revenue/2011,2026-09-11T22:34:08+08:00,16.78
2011-02,31754.0,8.8,TSMC Investor Relations,https://investor.tsmc.com/english/monthly-revenue/2011,2026-09-11T22:34:08+08:00,12.51
2011-03,36370.0,18.0,TSMC Investor Relations,https://investor.tsmc.com/english/monthly-revenue/2011,2026-09-11T22:34:08+08:00,15.0
2011-04,36231.0,10.9,TSMC Investor Relations,https://investor.tsmc.com/english/monthly-revenue/2011,2026-09-11T22:34:08+08:00,12.57
2011-05,35961.0,6.3,TSMC Investor Relations,https://investor.tsmc.com/english/monthly-revenue/2011,2026-09-11T22:34:08+08:00,11.52
2011-06,35654.0,1.5,TSMC Investor Relations,https://investor.tsmc.com/english/monthly-revenue/2011,2026-09-11T22:34:08+08:00,6.11
2011-07,34917.0,-3.4,TSMC Investor Relations,https://investor.tsmc.com/english/monthly-revenue/2011,2026-09-11T22:34:08+08:00,1.35
2011-08,37042.0,1.5,TSMC Investor Relations,https://investor.tsmc.com/english/monthly-revenue/2011,2026-09-11T22:34:08+08:00,-0.14
2011-09,32861.0,-10.3,TSMC Investor Relations,https://investor.tsmc.com/english/monthly-revenue/2011,2026-09-11T22:34:08+08:00,-4.1
2011-10,37247.0,-0.3,TSMC Investor Relations,https://investor.tsmc.com/english/monthly-revenue/2011,2026-09-11T22:34:08+08:00,-3.05
2011-11,35219.0,-1.4,TSMC Investor Relations,https://investor.tsmc.com/english/monthly-revenue/2011,2026-09-11T22:34:08+08:00,-4.03
2011-12,30567.0,-9.4,TSMC Investor Relations,https://investor.tsmc.com/english/monthly-revenue/2011,2026-09-11T22:34:08+08:00,-3.57
2012-01,34053.0,-1.1,TSMC Investor Relations,https://investor.tsmc.com/english/monthly-revenue/2012,2026-09-11T22:34:10+08:00,-3.91
2012-02,33584.0,5.8,TSMC Investor Relations,https://investor.tsmc.com/english/monthly-revenue/2012,2026-09-11T22:34:10+08:00,-1.73
2012-03,36611.0,0.7,TSMC Investor Relations,https://investor.tsmc.com/english/monthly-revenue/2012,2026-09-11T22:34:10+08:00,1.66
2012-04,40008.0,10.4,TSMC Investor Relations,https://investor.tsmc.com/english/monthly-revenue/2012,2026-09-11T22:34:10+08:00,5.6
2012-05,43623.0,21.3,TSMC Investor Relations,https://investor.tsmc.com/english/monthly-revenue/2012,2026-09-11T22:34:10+08:00,10.76
2012-06,42870.0,20.2,TSMC Investor Relations,https://investor.tsmc.com/english/monthly-revenue/2012,2026-09-11T22:34:10+08:00,17.3
2012-07,47924.0,37.3,TSMC Investor Relations,https://investor.tsmc.com/english/monthly-revenue/2012,2026-09-11T22:34:10+08:00,26.18
2012-08,48896.0,32.0,TSMC Investor Relations,https://investor.tsmc.com/english/monthly-revenue/2012,2026-09-11T22:34:10+08:00,29.81
2012-09,42817.0,30.3,TSMC Investor Relations,https://investor.tsmc.com/english/monthly-revenue/2012,2026-09-11T22:34:10+08:00,33.22
2012-10,49283.0,32.3,TSMC Investor Relations,https://investor.tsmc.com/english/monthly-revenue/2012,2026-09-11T22:34:10+08:00,31.59
2012-11,43644.0,23.9,TSMC Investor Relations,https://investor.tsmc.com/english/monthly-revenue/2012,2026-09-11T22:34:10+08:00,28.88
2012-12,36559.0,19.6,TSMC Investor Relations,https://investor.tsmc.com/english/monthly-revenue/2012,2026-09-11T22:34:10+08:00,25.67
2013-01,47439.0,37.1,TSMC Investor Relations,https://investor.tsmc.com/english/monthly-revenue/2013,2026-09-11T22:34:12+08:00,27.85
2013-02,41182.0,21.5,TSMC Investor Relations,https://investor.tsmc.com/english/monthly-revenue/2013,2026-09-11T22:34:12+08:00,27.47
2013-03,44134.0,18.9,TSMC Investor Relations,https://investor.tsmc.com/english/monthly-revenue/2013,2026-09-11T22:34:12+08:00,27.35
2013-04,50071.0,23.5,TSMC Investor Relations,https://investor.tsmc.com/english/monthly-revenue/2013,2026-09-11T22:34:12+08:00,22.85
2013-05,51788.0,17.2,TSMC Investor Relations,https://investor.tsmc.com/english/monthly-revenue/2013,2026-09-11T22:34:12+08:00,21.42
2013-06,54028.0,24.3,TSMC Investor Relations,https://investor.tsmc.com/english/monthly-revenue/2013,2026-09-11T22:34:12+08:00,23.23
2013-07,52103.0,7.3,TSMC Investor Relations,https://investor.tsmc.com/english/monthly-revenue/2013,2026-09-11T22:34:12+08:00,17.48
2013-08,55091.0,11.2,TSMC Investor Relations,https://investor.tsmc.com/english/monthly-revenue/2013,2026-09-11T22:34:12+08:00,15.41
2013-09,55382.0,27.6,TSMC Investor Relations,https://investor.tsmc.com/english/monthly-revenue/2013,2026-09-11T22:34:12+08:00,16.43
2013-10,51795.0,3.6,TSMC Investor Relations,https://investor.tsmc.com/english/monthly-revenue/2013,2026-09-11T22:34:12+08:00,15.09
2013-11,44330.0,0.1,TSMC Investor Relations,https://investor.tsmc.com/english/monthly-revenue/2013,2026-09-11T22:34:12+08:00,11.61
2013-12,49681.0,33.7,TSMC Investor Relations,https://investor.tsmc.com/english/monthly-revenue/2013,2026-09-11T22:34:12+08:00,12.6
2014-01,51430.0,8.4,TSMC Investor Relations,https://investor.tsmc.com/english/monthly-revenue/2014,2026-09-11T22:34:15+08:00,13.94
2014-02,46829.0,13.7,TSMC Investor Relations,https://investor.tsmc.com/english/monthly-revenue/2014,2026-09-11T22:34:15+08:00,18.18
2014-03,49956.0,13.2,TSMC Investor Relations,https://investor.tsmc.com/english/monthly-revenue/2014,2026-09-11T22:34:15+08:00,11.65
2014-04,61887.0,23.6,TSMC Investor Relations,https://investor.tsmc.com/english/monthly-revenue/2014,2026-09-11T22:34:15+08:00,17.2
2014-05,60789.0,17.4,TSMC Investor Relations,https://investor.tsmc.com/english/monthly-revenue/2014,2026-09-11T22:34:15+08:00,18.25
2014-06,60344.0,11.7,TSMC Investor Relations,https://investor.tsmc.com/english/monthly-revenue/2014,2026-09-11T22:34:15+08:00,17.41
2014-07,64925.0,24.6,TSMC Investor Relations,https://investor.tsmc.com/english/monthly-revenue/2014,2026-09-11T22:34:15+08:00,17.82
2014-08,69279.0,25.8,TSMC Investor Relations,https://investor.tsmc.com/english/monthly-revenue/2014,2026-09-11T22:34:15+08:00,20.67
2014-09,74846.0,35.1,TSMC Investor Relations,https://investor.tsmc.com/english/monthly-revenue/2014,2026-09-11T22:34:15+08:00,28.59
2014-10,80736.0,55.9,TSMC Investor Relations,https://investor.tsmc.com/english/monthly-revenue/2014,2026-09-11T22:34:15+08:00,38.57
2014-11,72275.0,63.0,TSMC Investor Relations,https://investor.tsmc.com/english/monthly-revenue/2014,2026-09-11T22:34:15+08:00,50.39
2014-12,69510.0,39.9,TSMC Investor Relations,https://investor.tsmc.com/english/monthly-revenue/2014,2026-09-11T22:34:15+08:00,52.61
2015-01,87120.0,69.4,TSMC Investor Relations,https://investor.tsmc.com/english/monthly-revenue/2015,2026-09-11T22:34:17+08:00,57.39
2015-02,62645.0,33.8,TSMC Investor Relations,https://investor.tsmc.com/english/monthly-revenue/2015,2026-09-11T22:34:17+08:00,48.22
2015-03,72269.0,44.7,TSMC Investor Relations,https://investor.tsmc.com/english/monthly-revenue/2015,2026-09-11T22:34:17+08:00,49.81
2015-04,75330.0,21.7,TSMC Investor Relations,https://investor.tsmc.com/english/monthly-revenue/2015,2026-09-11T22:34:17+08:00,32.5
2015-05,70155.0,15.4,TSMC Investor Relations,https://investor.tsmc.com/english/monthly-revenue/2015,2026-09-11T22:34:17+08:00,26.14
2015-06,59955.0,-0.6,TSMC Investor Relations,https://investor.tsmc.com/english/monthly-revenue/2015,2026-09-11T22:34:17+08:00,12.25
2015-07,80953.0,24.7,TSMC Investor Relations,https://investor.tsmc.com/english/monthly-revenue/2015,2026-09-11T22:34:17+08:00,13.44
2015-08,67038.0,-3.2,TSMC Investor Relations,https://investor.tsmc.com/english/monthly-revenue/2015,2026-09-11T22:34:17+08:00,6.89
2015-09,64514.0,-13.8,TSMC Investor Relations,https://investor.tsmc.com/english/monthly-revenue/2015,2026-09-11T22:34:17+08:00,1.65
2015-10,81743.0,1.2,TSMC Investor Relations,https://investor.tsmc.com/english/monthly-revenue/2015,2026-09-11T22:34:17+08:00,-5.14
2015-11,63428.0,-12.2,TSMC Investor Relations,https://investor.tsmc.com/english/monthly-revenue/2015,2026-09-11T22:34:17+08:00,-7.98
2015-12,58347.0,-16.1,TSMC Investor Relations,https://investor.tsmc.com/english/monthly-revenue/2015,2026-09-11T22:34:17+08:00,-8.54
2016-01,70855.0,-18.7,TSMC Investor Relations,https://investor.tsmc.com/english/monthly-revenue/2016,2026-09-11T22:34:20+08:00,-15.85
2016-02,59551.0,-4.9,TSMC Investor Relations,https://investor.tsmc.com/english/monthly-revenue/2016,2026-09-11T22:34:20+08:00,-13.92
2016-03,73089.0,1.1,TSMC Investor Relations,https://investor.tsmc.com/english/monthly-revenue/2016,2026-09-11T22:34:20+08:00,-8.35
2016-04,66843.0,-11.3,TSMC Investor Relations,https://investor.tsmc.com/english/monthly-revenue/2016,2026-09-11T22:34:20+08:00,-5.12
2016-05,73576.0,4.9,TSMC Investor Relations,https://investor.tsmc.com/english/monthly-revenue/2016,2026-09-11T22:34:20+08:00,-1.95
2016-06,81391.0,35.8,TSMC Investor Relations,https://investor.tsmc.com/english/monthly-revenue/2016,2026-09-11T22:34:20+08:00,7.97
2016-07,76392.0,-5.6,TSMC Investor Relations,https://investor.tsmc.com/english/monthly-revenue/2016,2026-09-11T22:34:20+08:00,9.62
2016-08,94311.0,40.7,TSMC Investor Relations,https://investor.tsmc.com/english/monthly-revenue/2016,2026-09-11T22:34:20+08:00,21.23
2016-09,89703.0,39.0,TSMC Investor Relations,https://investor.tsmc.com/english/monthly-revenue/2016,2026-09-11T22:34:20+08:00,22.54
2016-10,91085.0,11.4,TSMC Investor Relations,https://investor.tsmc.com/english/monthly-revenue/2016,2026-09-11T22:34:20+08:00,28.98
2016-11,93030.0,46.7,TSMC Investor Relations,https://investor.tsmc.com/english/monthly-revenue/2016,2026-09-11T22:34:20+08:00,30.59
2016-12,78112.0,33.9,TSMC Investor Relations,https://investor.tsmc.com/english/monthly-revenue/2016,2026-09-11T22:34:20+08:00,28.85
2017-01,76616.0,8.1,TSMC Investor Relations,https://investor.tsmc.com/english/monthly-revenue/2017,2026-09-11T22:34:23+08:00,28.62
2017-02,71423.0,19.9,TSMC Investor Relations,https://investor.tsmc.com/english/monthly-revenue/2017,2026-09-11T22:34:23+08:00,19.81
2017-03,85875.0,17.5,TSMC Investor Relations,https://investor.tsmc.com/english/monthly-revenue/2017,2026-09-11T22:34:23+08:00,14.95
2017-04,56872.0,-14.9,TSMC Investor Relations,https://investor.tsmc.com/english/monthly-revenue/2017,2026-09-11T22:34:23+08:00,7.36
2017-05,72796.0,-1.1,TSMC Investor Relations,https://investor.tsmc.com/english/monthly-revenue/2017,2026-09-11T22:34:23+08:00,0.95
2017-06,84187.0,3.4,TSMC Investor Relations,https://investor.tsmc.com/english/monthly-revenue/2017,2026-09-11T22:34:23+08:00,-3.59
2017-07,71611.0,-6.3,TSMC Investor Relations,https://investor.tsmc.com/english/monthly-revenue/2017,2026-09-11T22:34:23+08:00,-1.2
2017-08,91917.0,-2.5,TSMC Investor Relations,https://investor.tsmc.com/english/monthly-revenue/2017,2026-09-11T22:34:23+08:00,-1.74
2017-09,88579.0,-1.3,TSMC Investor Relations,https://investor.tsmc.com/english/monthly-revenue/2017,2026-09-11T22:34:23+08:00,-3.19
2017-10,94520.0,3.8,TSMC Investor Relations,https://investor.tsmc.com/english/monthly-revenue/2017,2026-09-11T22:34:23+08:00,-0.03
2017-11,93153.0,0.1,TSMC Investor Relations,https://investor.tsmc.com/english/monthly-revenue/2017,2026-09-11T22:34:23+08:00,0.89
2017-12,89897.0,15.1,TSMC Investor Relations,https://investor.tsmc.com/english/monthly-revenue/2017,2026-09-11T22:34:23+08:00,5.85
2018-01,79741.0,4.1,TSMC Investor Relations,https://investor.tsmc.com/english/monthly-revenue/2018,2026-09-11T22:34:26+08:00,6.07
2018-02,64641.0,-9.5,TSMC Investor Relations,https://investor.tsmc.com/english/monthly-revenue/2018,2026-09-11T22:34:26+08:00,3.59
2018-03,103697.0,20.8,TSMC Investor Relations,https://investor.tsmc.com/english/monthly-revenue/2018,2026-09-11T22:34:26+08:00,6.06
2018-04,81870.0,44.0,TSMC Investor Relations,https://investor.tsmc.com/english/monthly-revenue/2018,2026-09-11T22:34:26+08:00,16.83
2018-05,80969.0,11.2,TSMC Investor Relations,https://investor.tsmc.com/english/monthly-revenue/2018,2026-09-11T22:34:26+08:00,23.66
2018-06,70438.0,-16.3,TSMC Investor Relations,https://investor.tsmc.com/english/monthly-revenue/2018,2026-09-11T22:34:26+08:00,9.08
2018-07,74371.0,3.9,TSMC Investor Relations,https://investor.tsmc.com/english/monthly-revenue/2018,2026-09-11T22:34:26+08:00,-1.23
2018-08,91055.0,-0.9,TSMC Investor Relations,https://investor.tsmc.com/english/monthly-revenue/2018,2026-09-11T22:34:26+08:00,-4.78
2018-09,94922.0,7.2,TSMC Investor Relations,https://investor.tsmc.com/english/monthly-revenue/2018,2026-09-11T22:34:26+08:00,3.27
2018-10,101550.0,7.4,TSMC Investor Relations,https://investor.tsmc.com/english/monthly-revenue/2018,2026-09-11T22:34:26+08:00,4.55
2018-11,98389.0,5.6,TSMC Investor Relations,https://investor.tsmc.com/english/monthly-revenue/2018,2026-09-11T22:34:26+08:00,6.74
2018-12,89831.0,-0.1,TSMC Investor Relations,https://investor.tsmc.com/english/monthly-revenue/2018,2026-09-11T22:34:26+08:00,4.4
2019-01,78094.0,-2.1,TSMC Investor Relations,https://investor.tsmc.com/english/monthly-revenue/2019,2026-09-11T22:34:29+08:00,1.34
2019-02,60889.0,-5.8,TSMC Investor Relations,https://investor.tsmc.com/english/monthly-revenue/2019,2026-09-11T22:34:29+08:00,-2.33
2019-03,79722.0,-23.1,TSMC Investor Relations,https://investor.tsmc.com/english/monthly-revenue/2019,2026-09-11T22:34:29+08:00,-11.84
2019-04,74694.0,-8.8,TSMC Investor Relations,https://investor.tsmc.com/english/monthly-revenue/2019,2026-09-11T22:34:29+08:00,-13.95
2019-05,80437.0,-0.7,TSMC Investor Relations,https://investor.tsmc.com/english/monthly-revenue/2019,2026-09-11T22:34:29+08:00,-11.89
2019-06,85868.0,21.9,TSMC Investor Relations,https://investor.tsmc.com/english/monthly-revenue/2019,2026-09-11T22:34:29+08:00,3.31
2019-07,84758.0,14.0,TSMC Investor Relations,https://investor.tsmc.com/english/monthly-revenue/2019,2026-09-11T22:34:29+08:00,11.2
2019-08,106118.0,16.5,TSMC Investor Relations,https://investor.tsmc.com/english/monthly-revenue/2019,2026-09-11T22:34:29+08:00,17.33
2019-09,102170.0,7.6,TSMC Investor Relations,https://investor.tsmc.com/english/monthly-revenue/2019,2026-09-11T22:34:29+08:00,12.56
2019-10,106040.0,4.4,TSMC Investor Relations,https://investor.tsmc.com/english/monthly-revenue/2019,2026-09-11T22:34:29+08:00,9.32
2019-11,107884.0,9.7,TSMC Investor Relations,https://investor.tsmc.com/english/monthly-revenue/2019,2026-09-11T22:34:29+08:00,7.2
2019-12,103313.0,15.0,TSMC Investor Relations,https://investor.tsmc.com/english/monthly-revenue/2019,2026-09-11T22:34:29+08:00,9.48
2020-01,103683.0,32.8,TSMC Investor Relations,https://investor.tsmc.com/english/monthly-revenue/2020,2026-09-11T22:34:32+08:00,18.24
2020-02,93394.0,53.4,TSMC Investor Relations,https://investor.tsmc.com/english/monthly-revenue/2020,2026-09-11T22:34:32+08:00,31.28
2020-03,113520.0,42.4,TSMC Investor Relations,https://investor.tsmc.com/english/monthly-revenue/2020,2026-09-11T22:34:32+08:00,42.02
2020-04,96002.0,28.5,TSMC Investor Relations,https://investor.tsmc.com/english/monthly-revenue/2020,2026-09-11T22:34:32+08:00,40.69
2020-05,93819.0,16.6,TSMC Investor Relations,https://investor.tsmc.com/english/monthly-revenue/2020,2026-09-11T22:34:32+08:00,29.16
2020-06,120878.0,40.8,TSMC Investor Relations,https://investor.tsmc.com/english/monthly-revenue/2020,2026-09-11T22:34:32+08:00,28.92
2020-07,105963.0,25.0,TSMC Investor Relations,https://investor.tsmc.com/english/monthly-revenue/2020,2026-09-11T22:34:32+08:00,27.72
2020-08,122878.0,15.8,TSMC Investor Relations,https://investor.tsmc.com/english/monthly-revenue/2020,2026-09-11T22:34:32+08:00,26.37
2020-09,127585.0,24.9,TSMC Investor Relations,https://investor.tsmc.com/english/monthly-revenue/2020,2026-09-11T22:34:32+08:00,21.63
2020-10,119303.0,12.5,TSMC Investor Relations,https://investor.tsmc.com/english/monthly-revenue/2020,2026-09-11T22:34:32+08:00,17.64
2020-11,124865.0,15.7,TSMC Investor Relations,https://investor.tsmc.com/english/monthly-revenue/2020,2026-09-11T22:34:32+08:00,17.61
2020-12,117365.0,13.6,TSMC Investor Relations,https://investor.tsmc.com/english/monthly-revenue/2020,2026-09-11T22:34:32+08:00,13.96
2021-01,126749.0,22.2,TSMC Investor Relations,https://investor.tsmc.com/english/monthly-revenue/2021,2026-09-11T22:34:34+08:00,17.18
2021-02,106534.0,14.1,TSMC Investor Relations,https://investor.tsmc.com/english/monthly-revenue/2021,2026-09-11T22:34:34+08:00,16.73
2021-03,129127.0,13.7,TSMC Investor Relations,https://investor.tsmc.com/english/monthly-revenue/2021,2026-09-11T22:34:34+08:00,16.68
2021-04,111315.0,16.0,TSMC Investor Relations,https://investor.tsmc.com/english/monthly-revenue/2021,2026-09-11T22:34:34+08:00,14.55
2021-05,112360.0,19.8,TSMC Investor Relations,https://investor.tsmc.com/english/monthly-revenue/2021,2026-09-11T22:34:34+08:00,16.31
2021-06,148471.0,22.8,TSMC Investor Relations,https://investor.tsmc.com/english/monthly-revenue/2021,2026-09-11T22:34:34+08:00,19.78
2021-07,124558.0,17.5,TSMC Investor Relations,https://investor.tsmc.com/english/monthly-revenue/2021,2026-09-11T22:34:34+08:00,20.19
2021-08,137427.0,11.8,TSMC Investor Relations,https://investor.tsmc.com/english/monthly-revenue/2021,2026-09-11T22:34:34+08:00,17.37
2021-09,152685.0,19.7,TSMC Investor Relations,https://investor.tsmc.com/english/monthly-revenue/2021,2026-09-11T22:34:34+08:00,16.34
2021-10,134539.0,12.8,TSMC Investor Relations,https://investor.tsmc.com/english/monthly-revenue/2021,2026-09-11T22:34:34+08:00,14.84
2021-11,148268.0,18.7,TSMC Investor Relations,https://investor.tsmc.com/english/monthly-revenue/2021,2026-09-11T22:34:34+08:00,17.15
2021-12,155382.0,32.4,TSMC Investor Relations,https://investor.tsmc.com/english/monthly-revenue/2021,2026-09-11T22:34:34+08:00,21.2
2022-01,172176.0,35.8,TSMC Investor Relations,https://investor.tsmc.com/english/monthly-revenue/2022,2026-09-11T22:34:37+08:00,28.96
2022-02,146933.0,37.9,TSMC Investor Relations,https://investor.tsmc.com/english/monthly-revenue/2022,2026-09-11T22:34:37+08:00,35.32
2022-03,171967.0,33.2,TSMC Investor Relations,https://investor.tsmc.com/english/monthly-revenue/2022,2026-09-11T22:34:37+08:00,35.5
2022-04,172561.0,55.0,TSMC Investor Relations,https://investor.tsmc.com/english/monthly-revenue/2022,2026-09-11T22:34:37+08:00,41.64
2022-05,185705.0,65.3,TSMC Investor Relations,https://investor.tsmc.com/english/monthly-revenue/2022,2026-09-11T22:34:37+08:00,50.29
2022-06,175874.0,18.5,TSMC Investor Relations,https://investor.tsmc.com/english/monthly-revenue/2022,2026-09-11T22:34:37+08:00,43.53
2022-07,186763.0,49.9,TSMC Investor Relations,https://investor.tsmc.com/english/monthly-revenue/2022,2026-09-11T22:34:37+08:00,42.28
2022-08,218132.0,58.7,TSMC Investor Relations,https://investor.tsmc.com/english/monthly-revenue/2022,2026-09-11T22:34:37+08:00,41.49
2022-09,208248.0,36.4,TSMC Investor Relations,https://investor.tsmc.com/english/monthly-revenue/2022,2026-09-11T22:34:37+08:00,47.86
2022-10,210266.0,56.3,TSMC Investor Relations,https://investor.tsmc.com/english/monthly-revenue/2022,2026-09-11T22:34:37+08:00,49.92
2022-11,222706.0,50.2,TSMC Investor Relations,https://investor.tsmc.com/english/monthly-revenue/2022,2026-09-11T22:34:37+08:00,47.24
2022-12,192560.0,23.9,TSMC Investor Relations,https://investor.tsmc.com/english/monthly-revenue/2022,2026-09-11T22:34:37+08:00,42.75
2023-01,200051.0,16.2,TSMC Investor Relations,https://investor.tsmc.com/english/monthly-revenue/2023,2026-09-11T22:34:40+08:00,29.32
2023-02,163174.0,11.1,TSMC Investor Relations,https://investor.tsmc.com/english/monthly-revenue/2023,2026-09-11T22:34:40+08:00,17.13
2023-03,145408.0,-15.4,TSMC Investor Relations,https://investor.tsmc.com/english/monthly-revenue/2023,2026-09-11T22:34:40+08:00,3.58
2023-04,147900.0,-14.3,TSMC Investor Relations,https://investor.tsmc.com/english/monthly-revenue/2023,2026-09-11T22:34:40+08:00,-7.12
2023-05,176537.0,-4.9,TSMC Investor Relations,https://investor.tsmc.com/english/monthly-revenue/2023,2026-09-11T22:34:40+08:00,-11.39
2023-06,156404.0,-11.1,TSMC Investor Relations,https://investor.tsmc.com/english/monthly-revenue/2023,2026-09-11T22:34:40+08:00,-9.98
2023-07,177616.0,-4.9,TSMC Investor Relations,https://investor.tsmc.com/english/monthly-revenue/2023,2026-09-11T22:34:40+08:00,-6.89
2023-08,188686.0,-13.5,TSMC Investor Relations,https://investor.tsmc.com/english/monthly-revenue/2023,2026-09-11T22:34:40+08:00,-10.0
2023-09,180430.0,-13.4,TSMC Investor Relations,https://investor.tsmc.com/english/monthly-revenue/2023,2026-09-11T22:34:40+08:00,-10.83
2023-10,243203.0,15.7,TSMC Investor Relations,https://investor.tsmc.com/english/monthly-revenue/2023,2026-09-11T22:34:40+08:00,-3.82
2023-11,206026.0,-7.5,TSMC Investor Relations,https://investor.tsmc.com/english/monthly-revenue/2023,2026-09-11T22:34:40+08:00,-1.8
2023-12,176300.0,-8.4,TSMC Investor Relations,https://investor.tsmc.com/english/monthly-revenue/2023,2026-09-11T22:34:40+08:00,-0.0
2024-01,215785.0,7.9,TSMC Investor Relations,https://investor.tsmc.com/english/monthly-revenue/2024,2026-09-11T22:34:40+08:00,-2.8
2024-02,181648.0,11.3,TSMC Investor Relations,https://investor.tsmc.com/english/monthly-revenue/2024,2026-09-11T22:34:40+08:00,3.23
2024-03,195211.0,34.3,TSMC Investor Relations,https://investor.tsmc.com/english/monthly-revenue/2024,2026-09-11T22:34:40+08:00,16.52
2024-04,236021.0,59.6,TSMC Investor Relations,https://investor.tsmc.com/english/monthly-revenue/2024,2026-09-11T22:34:40+08:00,34.26
2024-05,229620.0,30.1,TSMC Investor Relations,https://investor.tsmc.com/english/monthly-revenue/2024,2026-09-11T22:34:40+08:00,40.65
2024-06,207869.0,32.9,TSMC Investor Relations,https://investor.tsmc.com/english/monthly-revenue/2024,2026-09-11T22:34:40+08:00,40.07
2024-07,256953.0,44.7,TSMC Investor Relations,https://investor.tsmc.com/english/monthly-revenue/2024,2026-09-11T22:34:40+08:00,36.02
2024-08,250866.0,33.0,TSMC Investor Relations,https://investor.tsmc.com/english/monthly-revenue/2024,2026-09-11T22:34:40+08:00,36.92
2024-09,251873.0,39.6,TSMC Investor Relations,https://investor.tsmc.com/english/monthly-revenue/2024,2026-09-11T22:34:40+08:00,38.95
2024-10,314240.0,29.2,TSMC Investor Relations,https://investor.tsmc.com/english/monthly-revenue/2024,2026-09-11T22:34:40+08:00,33.42
2024-11,276058.0,34.0,TSMC Investor Relations,https://investor.tsmc.com/english/monthly-revenue/2024,2026-09-11T22:34:40+08:00,33.75
2024-12,278163.0,57.8,TSMC Investor Relations,https://investor.tsmc.com/english/monthly-revenue/2024,2026-09-11T22:34:40+08:00,38.84
2025-01,293288.0,35.9,TSMC Investor Relations,https://investor.tsmc.com/english/monthly-revenue/2025,2026-09-11T22:36:13+08:00,41.7
2025-02,260009.0,43.1,TSMC Investor Relations,https://investor.tsmc.com/english/monthly-revenue/2025,2026-09-11T22:36:13+08:00,44.92
2025-03,285957.0,46.5,TSMC Investor Relations,https://investor.tsmc.com/english/monthly-revenue/2025,2026-09-11T22:36:13+08:00,41.61
2025-04,349567.0,48.1,TSMC Investor Relations,https://investor.tsmc.com/english/monthly-revenue/2025,2026-09-11T22:36:13+08:00,46.12
2025-05,320516.0,39.6,TSMC Investor Relations,https://investor.tsmc.com/english/monthly-revenue/2025,2026-09-11T22:36:13+08:00,44.67
2025-06,263709.0,26.9,TSMC Investor Relations,https://investor.tsmc.com/english/monthly-revenue/2025,2026-09-11T22:36:13+08:00,38.65
2025-07,323166.0,25.8,TSMC Investor Relations,https://investor.tsmc.com/english/monthly-revenue/2025,2026-09-11T22:36:13+08:00,30.66
2025-08,335772.0,33.8,TSMC Investor Relations,https://investor.tsmc.com/english/monthly-revenue/2025,2026-09-11T22:36:13+08:00,28.92
2025-09,330980.0,31.4,TSMC Investor Relations,https://investor.tsmc.com/english/monthly-revenue/2025,2026-09-11T22:36:13+08:00,30.31
2025-10,367473.0,16.9,TSMC Investor Relations,https://investor.tsmc.com/english/monthly-revenue/2025,2026-09-11T22:36:13+08:00,26.59
2025-11,343614.0,24.5,TSMC Investor Relations,https://investor.tsmc.com/english/monthly-revenue/2025,2026-09-11T22:36:13+08:00,23.74
2025-12,335003.0,20.4,TSMC Investor Relations,https://investor.tsmc.com/english/monthly-revenue/2025,2026-09-11T22:36:13+08:00,20.45
2026-01,401255.0,36.8,TSMC Investor Relations,https://investor.tsmc.com/english/monthly-revenue/2026,2026-09-11T22:36:13+08:00,27.42
2026-02,317657.0,22.2,TSMC Investor Relations,https://investor.tsmc.com/english/monthly-revenue/2026,2026-09-11T22:36:13+08:00,26.75
2026-03,415191.0,45.2,TSMC Investor Relations,https://investor.tsmc.com/english/monthly-revenue/2026,2026-09-11T22:36:13+08:00,35.13
2026-04,410726.0,17.5,TSMC Investor Relations,https://investor.tsmc.com/english/monthly-revenue/2026,2026-09-11T22:36:13+08:00,27.7
2026-05,416975.0,30.1,TSMC Investor Relations,https://investor.tsmc.com/english/monthly-revenue/2026,2026-09-11T22:36:13+08:00,30.0
2026-06,442680.0,67.9,TSMC Investor Relations,https://investor.tsmc.com/english/monthly-revenue/2026,2026-09-11T22:36:13+08:00,36.05
2026-07,467580.0,44.7,TSMC Investor Relations,https://investor.tsmc.com/english/monthly-revenue/2026,2026-09-11T22:36:13+08:00,46.27
2026-08,514806.0,53.3,TSMC Investor Relations,https://investor.tsmc.com/english/monthly-revenue/2026,2026-09-11T22:36:13+08:00,54.45
